Experiment,Region,Genotype,Period,Amplitude,Phase,RAE
Dull603,1,cca1 lhy-100,20.68,8051,-7.67,0.52
Dull603,2,cca1 lhy-100,23.65,5645,2.8,0.89
Dull603,3,cca1 lhy-100,30.75,5189,8.03,0.59
Dull603,4,cca1 lhy-100,24.87,2926,-3.46,0.99
Dull603,6,cca1 lhy-100,28.83,5482,6.66,0.47
Dull603,9,cca1 lhy-100,18.67,6375,8.28,0.85
Dull603,10,cca1 lhy-100,16.15,4815,-6.11,0.64
Dull603,11,cca1 lhy-100,20.45,7715,-8.67,0.89
Dull603,12,cca1 lhy-100,26.75,2691,-1.06,0.67
Dull603,13,cca1 lhy-100,23.5,4014,9.96,0.62
Dull603,14,cca1 lhy-100,18.68,6296,7.11,0.84
Dull603,15,cca1 lhy-100,19.27,1941,8.72,0.96
Dull603,16,cca1 lhy-100,22.32,3282,3.82,0.88
Dull603,17,cca1 lhy-100,32.4,6574,-12.56,0.56
Dull603,245,cca1 lhy-100,28.02,4755,-4.35,0.88
Dull603,248,cca1 lhy-100,20.95,4974,-7.6,0.64
Dull603,249,cca1 lhy-100,30.43,5177,1.67,0.81
Dull603,250,cca1 lhy-100,26.9,7706,-0.7,0.66
Dull603,251,cca1 lhy-100,23.94,4067,3.94,0.75
Dull603,252,cca1 lhy-100,28.19,11200,4.83,0.56
Dull603,254,cca1 lhy-100,24.29,3507,-4.78,0.63
Dull603,255,cca1 lhy-100,18.32,5912,4.57,0.84
Dull603,256,cca1 lhy-100,16.38,10710,3.87,0.52
Dull603,257,cca1 lhy-100,24.53,9073,-2.73,0.57
Dull603,258,cca1 lhy-100,23.23,5492,1.1,0.57
Dull603,259,cca1 lhy-100,25.66,10130,9.05,0.64
Dull606,136,cca1 lhy-100,30.21,3342,10.99,0.89
Dull606,137,cca1 lhy-100,23.16,8290,-3.78,0.83
Dull606,138,cca1 lhy-100,23.93,2552,-1.89,0.69
Dull606,139,cca1 lhy-100,30.45,6743,15.03,0.46
Dull606,140,cca1 lhy-100,29.84,3856,10.21,0.98
Dull606,141,cca1 lhy-100,29.1,1586,-14.46,0.98
Dull606,143,cca1 lhy-100,34.23,3050,14.4,0.75
Dull606,144,cca1 lhy-100,26.27,4231,-1.87,0.84
Dull606,145,cca1 lhy-100,18.13,3902,-7.07,0.72
Dull606,147,cca1 lhy-100,21.85,1916,-5.09,0.93
Dull606,148,cca1 lhy-100,28.04,2630,10.28,0.85
Dull606,149,cca1 lhy-100,31.52,4939,13.21,0.82
Dull606,150,cca1 lhy-100,29.74,2451,13.83,0.9
Dull606,151,cca1 lhy-100,18.43,4851,-6.52,0.82
Dull606,241,cca1 lhy-100,22.61,2426,-0.61,0.64
Dull606,242,cca1 lhy-100,29.18,2085,7.22,0.97
Dull606,245,cca1 lhy-100,32.78,3571,16.37,0.81
Dull606,246,cca1 lhy-100,29.76,2283,8.5,0.83
Dull606,247,cca1 lhy-100,26.5,2511,-9.3,0.57
Dull606,249,cca1 lhy-100,18.86,3138,-7.78,0.8
Dull606,250,cca1 lhy-100,23.15,5705,-0.09,0.69
Dull606,252,cca1 lhy-100,29.05,3663,4.56,0.61
Dull606,253,cca1 lhy-100,34.66,6170,13.92,0.57
Dull606,255,cca1 lhy-100,25.34,5566,-6.37,0.67
Dull606,256,cca1 lhy-100,27.84,2902,2.53,0.58
Dull606,257,cca1 lhy-100,27.5,3452,-0.75,0.81
Dull607,182,cca1 lhy-100,21.93,12240,-2.7,0.77
Dull607,183,cca1 lhy-100,19.25,3752,-9.22,0.85
Dull607,184,cca1 lhy-100,23.34,5940,-6.19,0.72
Dull607,185,cca1 lhy-100,27.2,8187,4.66,0.65
Dull607,188,cca1 lhy-100,19.64,15910,6.7,0.89
Dull607,190,cca1 lhy-100,21.23,8332,-10.51,0.75
Dull607,191,cca1 lhy-100,25.69,3536,4.91,0.75
Dull607,194,cca1 lhy-100,15.43,7233,3.19,0.68
Dull607,195,cca1 lhy-100,15.62,6622,-0.22,0.68
Dull607,196,cca1 lhy-100,26.04,10860,9.34,0.8
Dull607,197,cca1 lhy-100,19.13,11990,-3.84,0.58
Dull607,284,cca1 lhy-100,34.83,3254,-11.12,0.56
Dull607,286,cca1 lhy-100,26.47,1959,-12.1,0.78
Dull607,287,cca1 lhy-100,22.72,2252,-7.16,0.84
Dull607,288,cca1 lhy-100,18.74,659.5,8.34,0.89
Dull607,289,cca1 lhy-100,26.73,1547,9.2,0.75
Dull607,290,cca1 lhy-100,32.98,3802,7.35,0.71
Dull607,291,cca1 lhy-100,24.17,1865,-1.4,1
Dull607,292,cca1 lhy-100,26.96,3133,-8.64,0.81
Dull607,294,cca1 lhy-100,25.52,2367,5.12,0.72
Dull607,297,cca1 lhy-100,15.49,5037,0.82,0.98
Dull607,299,cca1 lhy-100,29.22,7329,-6.52,0.44
Dull607,300,cca1 lhy-100,18.93,5471,8.89,0.83
Dull603,5,cca1 lhy-100,NA,NA,NA,NA
Dull603,7,cca1 lhy-100,NA,NA,NA,NA
Dull603,8,cca1 lhy-100,NA,NA,NA,NA
Dull603,243,cca1 lhy-100,NA,NA,NA,NA
Dull603,244,cca1 lhy-100,NA,NA,NA,NA
Dull603,246,cca1 lhy-100,NA,NA,NA,NA
Dull603,247,cca1 lhy-100,NA,NA,NA,NA
Dull603,253,cca1 lhy-100,NA,NA,NA,NA
Dull606,142,cca1 lhy-100,NA,NA,NA,NA
Dull606,146,cca1 lhy-100,NA,NA,NA,NA
Dull606,152,cca1 lhy-100,NA,NA,NA,NA
Dull606,243,cca1 lhy-100,NA,NA,NA,NA
Dull606,244,cca1 lhy-100,NA,NA,NA,NA
Dull606,248,cca1 lhy-100,NA,NA,NA,NA
Dull606,251,cca1 lhy-100,NA,NA,NA,NA
Dull606,254,cca1 lhy-100,NA,NA,NA,NA
Dull606,258,cca1 lhy-100,NA,NA,NA,NA
Dull607,181,cca1 lhy-100,NA,NA,NA,NA
Dull607,186,cca1 lhy-100,NA,NA,NA,NA
Dull607,187,cca1 lhy-100,NA,NA,NA,NA
Dull607,189,cca1 lhy-100,NA,NA,NA,NA
Dull607,192,cca1 lhy-100,NA,NA,NA,NA
Dull607,193,cca1 lhy-100,NA,NA,NA,NA
Dull607,285,cca1 lhy-100,NA,NA,NA,NA
Dull607,293,cca1 lhy-100,NA,NA,NA,NA
Dull607,295,cca1 lhy-100,NA,NA,NA,NA
Dull607,296,cca1 lhy-100,NA,NA,NA,NA
Dull607,298,cca1 lhy-100,NA,NA,NA,NA
Dull603,36,cca1 lhy-100 rve468,26.66,3277,-0.54,0.6
Dull603,38,cca1 lhy-100 rve468,31.29,3945,-13.04,0.82
Dull603,39,cca1 lhy-100 rve468,17.62,2789,6.39,0.81
Dull603,40,cca1 lhy-100 rve468,23.82,1438,-6.69,0.86
Dull603,41,cca1 lhy-100 rve468,32.73,2768,6.5,0.99
Dull603,43,cca1 lhy-100 rve468,17.18,3932,7.7,0.84
Dull603,44,cca1 lhy-100 rve468,22.71,3756,6,0.86
Dull603,46,cca1 lhy-100 rve468,22.36,4718,-9.35,0.61
Dull603,48,cca1 lhy-100 rve468,21.15,1499,-6.46,0.74
Dull603,49,cca1 lhy-100 rve468,20.62,1116,-10.29,0.79
Dull603,50,cca1 lhy-100 rve468,22.3,4919,2.22,0.74
Dull603,51,cca1 lhy-100 rve468,23.24,2983,3.42,0.72
Dull603,53,cca1 lhy-100 rve468,19.32,2224,-1.8,0.99
Dull603,350,cca1 lhy-100 rve468,27.27,799.4,7.39,0.93
Dull603,351,cca1 lhy-100 rve468,19.32,1738,-2.74,0.67
Dull603,353,cca1 lhy-100 rve468,26.83,3651,-11,0.52
Dull603,354,cca1 lhy-100 rve468,20.7,2342,-0.71,0.64
Dull603,355,cca1 lhy-100 rve468,23.82,910.6,4.19,0.91
Dull603,356,cca1 lhy-100 rve468,18.23,1079,-7.32,0.94
Dull603,357,cca1 lhy-100 rve468,32.04,2110,-2.05,0.65
Dull603,358,cca1 lhy-100 rve468,33.16,2736,-4.21,0.56
Dull603,359,cca1 lhy-100 rve468,34.35,2696,8.42,0.9
Dull603,360,cca1 lhy-100 rve468,25.51,2199,-8.87,0.81
Dull603,363,cca1 lhy-100 rve468,30.51,2125,-11.15,0.86
Dull603,364,cca1 lhy-100 rve468,27.22,1735,4.46,0.76
Dull603,366,cca1 lhy-100 rve468,24.38,3826,9.05,0.58
Dull603,367,cca1 lhy-100 rve468,20.4,2995,-9.76,0.65
Dull606,72,cca1 lhy-100 rve468,19.7,2139,-7.33,0.96
Dull606,74,cca1 lhy-100 rve468,25.36,3008,-12.19,0.79
Dull606,75,cca1 lhy-100 rve468,16.58,3509,-5.34,0.69
Dull606,77,cca1 lhy-100 rve468,22.24,1625,-3.66,0.73
Dull606,80,cca1 lhy-100 rve468,32.41,1784,1.21,0.69
Dull606,81,cca1 lhy-100 rve468,23.17,1199,1.76,0.87
Dull606,82,cca1 lhy-100 rve468,24.49,2135,4.64,0.46
Dull606,83,cca1 lhy-100 rve468,23.29,2788,-2.4,0.51
Dull606,84,cca1 lhy-100 rve468,22.99,2289,-0.47,0.39
Dull606,85,cca1 lhy-100 rve468,30.93,2183,-5.57,0.99
Dull606,86,cca1 lhy-100 rve468,22.99,3796,3.57,0.58
Dull606,259,cca1 lhy-100 rve468,24.75,1561,-11.44,0.79
Dull606,261,cca1 lhy-100 rve468,27.05,1630,-4.41,0.76
Dull606,264,cca1 lhy-100 rve468,24.04,1341,3.87,0.78
Dull606,267,cca1 lhy-100 rve468,25.38,1590,-2.68,0.73
Dull606,268,cca1 lhy-100 rve468,34.11,3129,5.3,0.44
Dull606,270,cca1 lhy-100 rve468,28.76,1097,5.19,0.94
Dull606,271,cca1 lhy-100 rve468,23.62,1139,1.65,0.96
Dull606,273,cca1 lhy-100 rve468,34.03,2205,-11.88,0.57
Dull607,37,cca1 lhy-100 rve468,33.41,3999,3.57,0.45
Dull607,38,cca1 lhy-100 rve468,23.93,3561,-7.78,0.46
Dull607,39,cca1 lhy-100 rve468,25.74,4489,-2.07,0.49
Dull607,40,cca1 lhy-100 rve468,32.58,1661,-4.24,0.98
Dull607,41,cca1 lhy-100 rve468,31.48,1180,-2.33,0.74
Dull607,42,cca1 lhy-100 rve468,25.26,2309,3.28,0.59
Dull607,44,cca1 lhy-100 rve468,17.97,2054,-6.65,0.78
Dull607,45,cca1 lhy-100 rve468,18.16,2114,7.62,0.74
Dull607,46,cca1 lhy-100 rve468,16.71,2382,3.93,0.78
Dull607,47,cca1 lhy-100 rve468,21.02,3313,6,0.74
Dull607,49,cca1 lhy-100 rve468,26.5,2426,-12.22,0.97
Dull607,50,cca1 lhy-100 rve468,31.65,3653,2.23,0.46
Dull607,51,cca1 lhy-100 rve468,24.18,3889,-7.82,0.39
Dull607,52,cca1 lhy-100 rve468,26.32,3012,1.07,0.81
Dull607,53,cca1 lhy-100 rve468,17.92,1331,-0.93,0.98
Dull607,54,cca1 lhy-100 rve468,24.25,1913,-7.44,0.58
Dull607,214,cca1 lhy-100 rve468,32.73,1052,-4.46,0.98
Dull607,215,cca1 lhy-100 rve468,28.6,3146,2.18,0.51
Dull607,216,cca1 lhy-100 rve468,20.31,2584,-4.6,0.49
Dull607,217,cca1 lhy-100 rve468,16.82,1633,-1.29,0.72
Dull607,218,cca1 lhy-100 rve468,34.07,3375,6.81,0.79
Dull607,219,cca1 lhy-100 rve468,17.54,1778,3.56,0.83
Dull607,222,cca1 lhy-100 rve468,34.6,2331,0.39,0.66
Dull607,225,cca1 lhy-100 rve468,28.96,1789,3.02,0.99
Dull607,227,cca1 lhy-100 rve468,16.07,639.4,0.47,0.92
Dull607,228,cca1 lhy-100 rve468,32.43,4728,-8.32,0.44
Dull607,229,cca1 lhy-100 rve468,32.6,1719,5.2,0.91
Dull607,230,cca1 lhy-100 rve468,17.63,2127,4.14,0.64
Dull603,37,cca1 lhy-100 rve468,NA,NA,NA,NA
Dull603,42,cca1 lhy-100 rve468,NA,NA,NA,NA
Dull603,45,cca1 lhy-100 rve468,NA,NA,NA,NA
Dull603,47,cca1 lhy-100 rve468,NA,NA,NA,NA
Dull603,52,cca1 lhy-100 rve468,NA,NA,NA,NA
Dull603,352,cca1 lhy-100 rve468,NA,NA,NA,NA
Dull603,361,cca1 lhy-100 rve468,NA,NA,NA,NA
Dull603,362,cca1 lhy-100 rve468,NA,NA,NA,NA
Dull603,365,cca1 lhy-100 rve468,NA,NA,NA,NA
Dull606,71,cca1 lhy-100 rve468,NA,NA,NA,NA
Dull606,73,cca1 lhy-100 rve468,NA,NA,NA,NA
Dull606,76,cca1 lhy-100 rve468,NA,NA,NA,NA
Dull606,78,cca1 lhy-100 rve468,NA,NA,NA,NA
Dull606,79,cca1 lhy-100 rve468,NA,NA,NA,NA
Dull606,260,cca1 lhy-100 rve468,NA,NA,NA,NA
Dull606,262,cca1 lhy-100 rve468,NA,NA,NA,NA
Dull606,263,cca1 lhy-100 rve468,NA,NA,NA,NA
Dull606,265,cca1 lhy-100 rve468,NA,NA,NA,NA
Dull606,266,cca1 lhy-100 rve468,NA,NA,NA,NA
Dull606,269,cca1 lhy-100 rve468,NA,NA,NA,NA
Dull606,272,cca1 lhy-100 rve468,NA,NA,NA,NA
Dull606,274,cca1 lhy-100 rve468,NA,NA,NA,NA
Dull606,275,cca1 lhy-100 rve468,NA,NA,NA,NA
Dull607,43,cca1 lhy-100 rve468,NA,NA,NA,NA
Dull607,48,cca1 lhy-100 rve468,NA,NA,NA,NA
Dull607,213,cca1 lhy-100 rve468,NA,NA,NA,NA
Dull607,220,cca1 lhy-100 rve468,NA,NA,NA,NA
Dull607,221,cca1 lhy-100 rve468,NA,NA,NA,NA
Dull607,223,cca1 lhy-100 rve468,NA,NA,NA,NA
Dull607,224,cca1 lhy-100 rve468,NA,NA,NA,NA
Dull607,226,cca1 lhy-100 rve468,NA,NA,NA,NA
Dull603,54,Col,25.85,14730,7.08,0.3
Dull603,55,Col,23.64,11230,0.5,0.54
Dull603,56,Col,17.33,6471,7.24,0.67
Dull603,57,Col,23.87,11510,1.94,0.57
Dull603,59,Col,26.16,8112,9.79,0.6
Dull603,61,Col,23.09,18410,-2.84,0.41
Dull603,62,Col,26.15,7332,8.52,0.42
Dull603,63,Col,22.54,18840,-6.85,0.41
Dull603,64,Col,21.72,16940,-2.72,0.5
Dull603,65,Col,21.68,6738,-8.19,0.92
Dull603,66,Col,25.53,28800,7.01,0.18
Dull603,67,Col,24.77,22530,3.73,0.23
Dull603,68,Col,25.67,22170,7.65,0.19
Dull603,69,Col,24.55,17960,3.7,0.36
Dull603,70,Col,31.33,10020,-4.47,0.56
Dull603,89,Col,24.7,7119,5.09,0.48
Dull603,90,Col,26.22,12750,12.01,0.25
Dull603,92,Col,27.24,6603,11.78,0.67
Dull603,93,Col,24.91,16290,9.47,0.5
Dull603,94,Col,27.24,8419,-13.25,0.5
Dull603,95,Col,33.28,4702,-0.16,0.57
Dull603,96,Col,25.89,8724,10.1,0.42
Dull603,97,Col,27.47,11080,-12.73,0.41
Dull603,98,Col,27.37,13980,12.5,0.24
Dull603,99,Col,24.75,12100,8.13,0.24
Dull603,100,Col,26.78,16190,11.33,0.79
Dull603,101,Col,33.36,6217,-0.04,0.55
Dull603,102,Col,25.64,8230,9.57,0.36
Dull603,103,Col,25.27,2751,6.51,0.8
Dull603,104,Col,25.33,8884,6.91,0.43
Dull603,105,Col,27.12,2445,12.6,0.72
Dull603,106,Col,26.02,4231,8.53,0.5
Dull603,175,Col,29.68,19210,-14.09,0.33
Dull603,176,Col,24.86,17960,4.13,0.35
Dull603,177,Col,24.6,11590,4.19,0.43
Dull603,178,Col,26.05,13670,7.75,0.3
Dull603,179,Col,27.18,5979,8.51,1
Dull603,180,Col,26.29,9669,7.3,0.23
Dull603,181,Col,24.41,17080,4.19,0.3
Dull603,182,Col,22.79,14590,-1.07,0.43
Dull603,183,Col,26.82,20990,10.11,0.31
Dull603,184,Col,26.48,15080,9.38,0.19
Dull603,185,Col,26.2,12440,9.21,0.23
Dull603,186,Col,27.13,17970,10.86,0.25
Dull603,187,Col,24.32,23800,3.47,0.41
Dull603,188,Col,28.43,14920,-10.55,0.61
Dull603,189,Col,26.58,8022,8.94,0.4
Dull603,190,Col,26.29,20210,9.16,0.15
Dull603,191,Col,26.15,12900,9.93,0.24
Dull603,192,Col,26.24,7298,6.88,0.51
Dull603,211,Col,22.45,2941,-1.82,0.77
Dull603,212,Col,25.72,3442,-10.93,0.54
Dull603,213,Col,22.99,2138,0.18,0.72
Dull603,214,Col,25.19,8122,9.53,0.45
Dull603,215,Col,27.32,10440,13.3,0.41
Dull603,216,Col,21.75,3891,-1.22,0.92
Dull603,217,Col,31.8,2911,4.71,0.84
Dull603,218,Col,24.26,2017,5.11,0.73
Dull603,219,Col,29.48,5074,-7.42,0.68
Dull603,220,Col,24.62,25760,5.17,0.31
Dull603,221,Col,25.97,10980,6.22,0.73
Dull603,222,Col,25.47,8800,7.7,0.42
Dull603,223,Col,26.99,9582,8.99,0.33
Dull603,224,Col,23.89,3220,4.62,0.86
Dull603,225,Col,33.18,10300,-13.96,0.38
Dull603,226,Col,28.53,14700,-13.43,0.75
Dull603,227,Col,25.12,4514,5.1,0.47
Dull603,332,Col,25.72,16430,6.97,0.25
Dull603,333,Col,24.21,10820,4.3,0.43
Dull603,334,Col,25.97,16170,9.26,0.28
Dull603,335,Col,25.11,18550,4.45,0.35
Dull603,336,Col,25.89,7675,9.24,0.51
Dull603,337,Col,32.76,19170,-2.52,0.66
Dull603,338,Col,26.7,11460,10.77,0.42
Dull603,339,Col,25.69,36470,8.02,0.24
Dull603,340,Col,25.75,17700,8.01,0.18
Dull603,341,Col,24.58,12750,4.81,0.47
Dull603,342,Col,26.38,14980,11.05,0.27
Dull603,343,Col,26.09,13090,11.62,0.49
Dull603,344,Col,27.23,14500,-12.36,0.22
Dull603,345,Col,31.64,12460,-1.91,0.56
Dull603,346,Col,25.28,41150,6.35,0.12
Dull603,347,Col,27.82,8692,12.93,0.33
Dull603,348,Col,29.42,15360,-10.33,0.48
Dull603,349,Col,26.37,12160,10.1,0.55
Dull603,369,Col,25.34,9996,10.47,0.82
Dull603,370,Col,24.02,2583,3.03,0.58
Dull603,371,Col,24.15,3531,2.82,0.6
Dull603,372,Col,25.03,5036,9.07,0.44
Dull603,373,Col,26.87,9587,-13.17,0.44
Dull603,374,Col,26.35,9984,10.3,0.41
Dull603,375,Col,23.2,4097,0.81,0.58
Dull603,376,Col,17.5,3805,6.14,0.73
Dull603,377,Col,21.98,7021,-2.33,0.58
Dull603,378,Col,24.82,26090,8.88,0.23
Dull603,379,Col,24.18,3017,5.2,0.44
Dull603,380,Col,28,6114,11.96,0.6
Dull603,381,Col,26.27,5878,11.08,0.5
Dull603,382,Col,23.57,2424,-2.85,0.44
Dull603,383,Col,23.47,5992,1.93,0.41
Dull603,384,Col,25.55,4216,8.48,0.74
Dull603,385,Col,24.7,5575,5.98,0.28
Dull606,19,Col,24.49,3753,7.12,0.71
Dull606,20,Col,26.34,8623,12.6,0.36
Dull606,21,Col,24.41,4668,8.75,0.49
Dull606,22,Col,33.95,8317,-2.81,0.45
Dull606,23,Col,25.3,4838,7.78,0.4
Dull606,24,Col,23.05,4383,2.51,0.62
Dull606,25,Col,15.8,3471,3.28,0.98
Dull606,26,Col,26.72,5601,-11.14,0.75
Dull606,27,Col,28.02,4591,5.94,0.72
Dull606,28,Col,25.53,2843,-12.44,0.49
Dull606,29,Col,25.11,4670,11.53,0.33
Dull606,30,Col,21.22,2352,-4.93,0.99
Dull606,31,Col,26.16,8020,11.05,0.43
Dull606,32,Col,23.46,4023,4.4,0.43
Dull606,33,Col,27.02,6280,-10.07,0.51
Dull606,34,Col,24.38,2705,1.97,0.51
Dull606,35,Col,24.27,7573,3.89,0.28
Dull606,101,Col,23.72,5060,1.46,0.47
Dull606,102,Col,24.3,7580,4.98,0.59
Dull606,103,Col,24.45,14700,4.72,0.33
Dull606,104,Col,21.18,5322,-2.77,0.65
Dull606,105,Col,24.75,6023,1.64,0.69
Dull606,106,Col,29.58,7656,-10.66,0.71
Dull606,107,Col,27.9,6697,11.42,0.5
Dull606,108,Col,25.14,10500,6.05,0.66
Dull606,109,Col,24.81,9318,7.25,0.43
Dull606,110,Col,24.18,7390,4,0.38
Dull606,111,Col,24.54,7933,3.97,0.45
Dull606,112,Col,26.71,11870,10.82,0.31
Dull606,113,Col,25.81,14870,10.12,0.38
Dull606,114,Col,25.13,13250,6.76,0.3
Dull606,115,Col,22.31,13220,-2.81,0.62
Dull606,116,Col,24.77,10950,6.59,0.33
Dull606,117,Col,26.45,26000,10.19,0.3
Dull606,118,Col,25.37,13600,6.64,0.39
Dull606,189,Col,27.14,16400,11.34,0.33
Dull606,190,Col,23.62,7525,2.92,0.47
Dull606,191,Col,29.56,7417,-10.31,0.73
Dull606,192,Col,26.69,3325,-8.8,0.61
Dull606,193,Col,22.64,2014,-1.92,0.87
Dull606,194,Col,24.14,7960,-0.39,0.57
Dull606,195,Col,25.73,10130,6.15,0.73
Dull606,196,Col,22.55,5227,-2.79,0.39
Dull606,197,Col,24.39,7383,4.73,0.52
Dull606,198,Col,24.68,5260,9.09,0.68
Dull606,199,Col,23.71,3893,3.44,0.39
Dull606,200,Col,23.1,2760,0.34,0.6
Dull606,201,Col,28.86,8106,14.2,0.52
Dull606,202,Col,23.31,4794,2.43,0.37
Dull606,203,Col,23.94,3484,4.38,0.82
Dull606,204,Col,23.58,2121,2.67,0.83
Dull606,205,Col,22.6,2879,0.59,0.43
Dull606,206,Col,24.29,3270,9.01,0.34
Dull606,207,Col,24.46,2086,7.96,0.49
Dull606,208,Col,29.39,2930,-8.53,0.67
Dull606,209,Col,24.29,2013,6.73,0.56
Dull606,210,Col,24.02,3265,3.62,0.49
Dull606,211,Col,23.88,3606,7.94,0.64
Dull606,212,Col,23.45,2648,3.75,0.39
Dull606,213,Col,23.71,2550,6.6,0.66
Dull606,214,Col,24.89,8717,8.3,0.23
Dull606,215,Col,23.57,3899,1.16,0.29
Dull606,216,Col,29.52,2909,-7.17,0.48
Dull606,217,Col,23.28,4195,2.97,0.4
Dull606,218,Col,23.5,3725,4.15,0.48
Dull606,219,Col,23.18,3670,1.76,0.5
Dull606,220,Col,25.23,4654,6.93,0.71
Dull606,221,Col,22.91,2264,2.48,0.52
Dull606,222,Col,22.99,1597,1.82,0.69
Dull606,294,Col,24.68,2596,6.43,0.57
Dull606,295,Col,28.73,5223,-10.06,0.45
Dull606,296,Col,24.85,3137,10.13,0.5
Dull606,297,Col,23.89,2394,4.52,0.43
Dull606,299,Col,24.85,4214,7.34,0.25
Dull606,300,Col,23.46,3154,3.37,0.45
Dull606,301,Col,25.5,3992,10.9,0.82
Dull606,302,Col,27.93,5065,-11.58,0.76
Dull606,303,Col,25.23,2813,10.77,0.37
Dull606,304,Col,24.23,1342,6.13,0.78
Dull606,305,Col,22.97,4940,2.18,0.47
Dull606,306,Col,23.35,2688,1.99,0.66
Dull606,307,Col,24.4,7701,5.47,0.71
Dull606,308,Col,25.34,8963,9.95,0.27
Dull606,309,Col,22.37,6385,0.21,0.48
Dull606,310,Col,23.84,1358,3.22,0.9
Dull606,397,Col,25.52,5129,8.04,0.55
Dull606,398,Col,26.98,4823,11.23,0.66
Dull606,399,Col,22.66,3937,-0.64,0.54
Dull606,400,Col,16.21,3349,6.47,0.91
Dull606,401,Col,15.96,2675,4.65,0.86
Dull606,402,Col,23.78,8147,1.71,0.39
Dull606,403,Col,26.01,9526,5.99,0.46
Dull606,404,Col,22.73,4889,0.22,0.44
Dull606,405,Col,23.08,1985,0.22,0.77
Dull606,406,Col,22.9,2627,0.24,0.69
Dull606,407,Col,23.99,4074,2.3,0.68
Dull606,408,Col,31.53,3141,15.39,0.81
Dull606,409,Col,23.46,3469,1.64,0.56
Dull606,410,Col,23.5,5282,2.75,0.44
Dull606,411,Col,23.83,11400,2.98,0.24
Dull607,55,Col,31.79,8017,-12.46,0.37
Dull607,56,Col,26.98,11710,8.68,0.33
Dull607,57,Col,23.82,4853,3.46,0.44
Dull607,58,Col,24.97,8817,4.24,0.38
Dull607,59,Col,22.28,4415,-2.54,0.4
Dull607,60,Col,21.77,4568,-5.38,0.74
Dull607,61,Col,25.25,10710,5.87,0.47
Dull607,62,Col,26.49,7250,-12.7,0.3
Dull607,63,Col,23.04,13180,-2.09,0.41
Dull607,64,Col,23.95,16390,2.57,0.39
Dull607,65,Col,27.74,3367,0.81,0.78
Dull607,66,Col,30.66,6072,-12.01,0.57
Dull607,67,Col,24.91,11660,3.96,0.39
Dull607,68,Col,25.02,14250,4.93,0.28
Dull607,69,Col,24.62,8687,4.59,0.3
Dull607,70,Col,20.23,4003,-7.78,0.59
Dull607,71,Col,30.4,8262,-4.95,0.45
Dull607,72,Col,34.77,2760,15.15,0.96
Dull607,73,Col,24.59,11870,4.54,0.49
Dull607,74,Col,24.54,4521,7.03,0.71
Dull607,75,Col,23.74,1037,4.01,0.93
Dull607,76,Col,24.54,2311,3.91,0.48
Dull607,77,Col,24.62,3931,10.96,0.45
Dull607,78,Col,23.69,638.6,2.8,0.82
Dull607,79,Col,24.02,8919,2.24,0.62
Dull607,80,Col,24.15,2717,0.8,0.9
Dull607,81,Col,23.52,4941,-0.87,0.78
Dull607,82,Col,22.64,5638,-5.44,0.51
Dull607,84,Col,23.38,4754,4.13,0.72
Dull607,85,Col,24.63,9313,6.48,0.4
Dull607,86,Col,32.02,3643,14.93,0.73
Dull607,87,Col,24.14,6451,1.49,0.57
Dull607,88,Col,23.42,8845,-0.2,0.33
Dull607,89,Col,25.83,4624,9.03,0.46
Dull607,90,Col,32.39,6707,-6.12,0.76
Dull607,145,Col,27.98,5198,-10.75,0.3
Dull607,146,Col,30.8,1994,-0.74,0.64
Dull607,147,Col,24.44,981.9,4.95,0.98
Dull607,148,Col,26.2,1945,9.76,0.66
Dull607,149,Col,33.95,2089,10.22,0.59
Dull607,150,Col,30.73,5051,-7.65,0.45
Dull607,151,Col,25.56,835.3,10.71,0.82
Dull607,152,Col,24.01,2581,4.07,0.4
Dull607,153,Col,31.63,4364,-2.37,0.41
Dull607,154,Col,27.27,7419,11.46,0.67
Dull607,155,Col,24.85,10860,4.49,0.43
Dull607,156,Col,26.09,9613,10.15,0.35
Dull607,158,Col,26.94,1596,1.1,0.88
Dull607,159,Col,28,9292,-13.46,0.3
Dull607,160,Col,24.92,6281,5.35,0.33
Dull607,161,Col,22.82,4402,0.07,0.45
Dull607,162,Col,29.16,4724,-11.95,0.36
Dull607,266,Col,24.7,4501,6.48,0.48
Dull607,267,Col,31.41,4635,-13.95,0.66
Dull607,268,Col,26.25,20960,7.79,0.29
Dull607,269,Col,24.54,6206,3.16,0.32
Dull607,270,Col,24.98,19430,6.22,0.26
Dull607,271,Col,27.25,8356,11.65,0.45
Dull607,272,Col,26.38,15360,9.36,0.35
Dull607,273,Col,24.3,16280,2.93,0.31
Dull607,274,Col,24.77,6382,3.2,0.46
Dull607,275,Col,25.7,10480,9.57,0.25
Dull607,276,Col,23.03,10610,-0.49,0.59
Dull607,277,Col,24.45,7723,6.1,0.33
Dull607,278,Col,26.03,8410,7.04,0.33
Dull607,279,Col,25.96,18310,7.37,0.28
Dull607,280,Col,24.88,10780,4.96,0.32
Dull607,281,Col,23.67,8741,2.52,0.37
Dull607,282,Col,23.52,4680,0.04,0.67
Dull607,283,Col,30.59,15130,-14.01,0.76
Dull607,301,Col,24.91,2980,6.33,0.5
Dull607,302,Col,24.23,766.9,3.46,0.66
Dull607,303,Col,21.71,2710,-4.63,0.62
Dull607,304,Col,27.35,4701,-12.96,0.33
Dull607,305,Col,24.82,5198,6.39,0.25
Dull607,306,Col,23.97,2986,2.85,0.37
Dull607,307,Col,23.82,5751,0.88,0.31
Dull607,308,Col,33.14,21400,-0.44,0.69
Dull607,309,Col,15.98,1969,2.91,0.74
Dull607,310,Col,25.59,3628,8.27,0.4
Dull607,311,Col,28.03,4762,11.77,0.36
Dull607,312,Col,26.77,16180,9.83,0.31
Dull607,313,Col,26.42,29220,9.7,0.34
Dull607,314,Col,24.73,13890,4.19,0.47
Dull607,315,Col,24.84,10120,3.38,0.4
Dull607,316,Col,25.68,11900,9.96,0.28
Dull607,388,Col,22.71,9142,-3.5,0.29
Dull607,389,Col,23.88,9180,0.41,0.61
Dull607,390,Col,25.1,20950,4.68,0.48
Dull607,391,Col,27.54,10880,10.81,0.52
Dull607,392,Col,23.26,8985,-2.6,0.55
Dull607,393,Col,26.98,14610,11.87,0.39
Dull607,394,Col,26.87,6561,4.94,0.69
Dull607,395,Col,28.78,14830,-13.54,0.37
Dull607,396,Col,24.24,24980,1.89,0.24
Dull607,397,Col,27.35,16990,12.6,0.38
Dull607,398,Col,24.81,11170,5.15,0.26
Dull607,399,Col,24.76,4021,3.89,0.64
Dull607,400,Col,26.57,29930,9.15,0.28
Dull607,401,Col,27.34,16730,10.68,0.22
Dull607,402,Col,26.79,16630,9.41,0.31
Dull607,403,Col,33.77,16080,-6.36,0.47
Dull607,404,Col,23.86,5447,6.95,0.63
Dull607,405,Col,26.13,22190,-12.96,0.16
Dull603,58,Col,NA,NA,NA,NA
Dull603,60,Col,NA,NA,NA,NA
Dull603,91,Col,NA,NA,NA,NA
Dull603,368,Col,NA,NA,NA,NA
Dull606,298,Col,NA,NA,NA,NA
Dull606,396,Col,NA,NA,NA,NA
Dull607,83,Col,NA,NA,NA,NA
Dull607,157,Col,NA,NA,NA,NA
Dull603,20,rve468,25.3,6007,-0.35,0.37
Dull603,21,rve468,26.78,7999,6.89,0.46
Dull603,22,rve468,28.47,2515,7.32,0.77
Dull603,23,rve468,25.47,2778,0.78,0.54
Dull603,24,rve468,29.36,2079,6.96,0.79
Dull603,25,rve468,26.11,2287,1.39,0.48
Dull603,26,rve468,27.03,3639,1.21,0.58
Dull603,27,rve468,32.64,9242,-16.13,0.29
Dull603,28,rve468,30.27,13270,12.28,0.28
Dull603,29,rve468,25.2,2090,-0.79,0.99
Dull603,30,rve468,34.72,4741,-11.63,0.46
Dull603,31,rve468,34.01,9664,-13.21,0.21
Dull603,33,rve468,32.33,7213,-13.45,0.37
Dull603,34,rve468,31.9,6190,10.35,0.7
Dull603,35,rve468,26.5,2179,4.47,0.64
Dull603,314,rve468,28.41,6583,8.41,0.38
Dull603,315,rve468,32.46,9189,14.69,0.18
Dull603,316,rve468,30.27,6775,9.89,0.35
Dull603,317,rve468,34.69,4051,-16.34,0.77
Dull603,318,rve468,29.61,16010,10.85,0.25
Dull603,319,rve468,30.18,13220,10.68,0.3
Dull603,320,rve468,30.02,9558,8.3,0.4
Dull603,321,rve468,28.06,13410,5.25,0.42
Dull603,322,rve468,34.29,17090,-14.39,0.18
Dull603,323,rve468,33.55,20070,-15.72,0.18
Dull603,324,rve468,33.52,15710,-14.56,0.12
Dull603,326,rve468,28.5,29330,8.35,0.26
Dull603,327,rve468,27.42,10310,3.47,0.32
Dull603,328,rve468,29.7,41090,10.04,0.16
Dull603,329,rve468,26.16,8546,4.23,0.48
Dull603,330,rve468,29.88,23530,12.55,0.18
Dull603,331,rve468,31.71,25230,14.09,0.23
Dull606,36,rve468,28.98,2943,10.27,0.46
Dull606,37,rve468,30.77,7981,13.74,0.46
Dull606,38,rve468,34.4,9057,-10.48,0.26
Dull606,39,rve468,34.64,4776,-11.79,0.57
Dull606,40,rve468,29.13,6391,12.61,0.22
Dull606,41,rve468,32.2,4098,-13.96,0.52
Dull606,42,rve468,28.31,12380,10.45,0.6
Dull606,43,rve468,34.55,9203,-11.75,0.55
Dull606,44,rve468,29.8,13290,11.35,0.25
Dull606,45,rve468,33.36,10350,-13.72,0.25
Dull606,46,rve468,33.31,7157,-12.63,0.4
Dull606,47,rve468,32.14,9747,-16.02,0.33
Dull606,48,rve468,32.57,2363,-15.03,0.53
Dull606,49,rve468,31.71,29790,-14.02,0.26
Dull606,50,rve468,29.65,7550,11.56,0.57
Dull606,51,rve468,28.52,14420,9.46,0.32
Dull606,52,rve468,26.51,8866,3.58,0.51
Dull606,53,rve468,27.12,14880,6.6,0.78
Dull606,347,rve468,31.73,3279,-7.76,0.27
Dull606,348,rve468,30.88,1702,-14.36,0.54
Dull606,351,rve468,28.71,3062,11.08,0.28
Dull606,352,rve468,19.05,3761,-6.13,0.89
Dull606,353,rve468,30.1,1313,10.95,0.92
Dull606,354,rve468,32.15,2810,-8.96,0.47
Dull606,355,rve468,34.35,6172,-8.14,0.4
Dull606,356,rve468,34.76,5745,-11,0.26
Dull606,357,rve468,32.44,1537,-14.6,0.74
Dull606,358,rve468,21.93,1308,-5.01,0.85
Dull606,359,rve468,20.43,1174,-8.7,0.97
Dull606,360,rve468,28.26,2975,10.21,0.65
Dull606,361,rve468,29.98,3003,10.86,0.49
Dull606,362,rve468,30.72,9124,-13.33,0.26
Dull606,363,rve468,29.73,3081,8.27,0.7
Dull606,364,rve468,23.57,1251,0.19,0.77
Dull607,19,rve468,27.34,4421,5.09,0.5
Dull607,20,rve468,26.98,4984,2.82,0.67
Dull607,21,rve468,29.95,13440,9.43,0.22
Dull607,23,rve468,29.24,9961,7.71,0.32
Dull607,24,rve468,31.79,4311,-10.31,0.35
Dull607,25,rve468,32.55,3762,-16.24,0.49
Dull607,26,rve468,27.75,6045,2.86,0.29
Dull607,27,rve468,27.06,2233,2.08,0.54
Dull607,28,rve468,30.27,4030,9.43,0.61
Dull607,29,rve468,29.18,2677,8.18,0.6
Dull607,30,rve468,30.84,3810,-15.14,0.17
Dull607,31,rve468,25.64,3611,-0.14,0.52
Dull607,32,rve468,30.34,4660,9.74,0.45
Dull607,33,rve468,24.73,1985,-2.07,0.6
Dull607,34,rve468,31.22,6769,-15.44,0.19
Dull607,35,rve468,27.41,3717,4.98,0.56
Dull607,36,rve468,27.51,2126,-5.18,0.84
Dull607,406,rve468,33.93,2833,16.85,0.59
Dull607,407,rve468,30.59,6093,11.61,0.27
Dull607,408,rve468,30.67,8281,10.29,0.25
Dull607,409,rve468,28.25,3382,7,0.48
Dull607,410,rve468,30.66,11020,13.82,0.15
Dull607,411,rve468,34.07,7819,-10.54,0.42
Dull607,412,rve468,31.03,5111,14.84,0.28
Dull607,413,rve468,27.08,2843,4.25,0.57
Dull607,414,rve468,32.36,18480,-14.3,0.24
Dull607,415,rve468,29.35,2663,8.32,0.38
Dull607,417,rve468,30.54,17450,12.31,0.42
Dull607,420,rve468,31.28,16740,14.24,0.14
Dull607,421,rve468,32.51,4025,-15.59,0.36
Dull607,422,rve468,28.33,4642,8.08,0.55
Dull603,18,rve468,NA,NA,NA,NA
Dull603,19,rve468,NA,NA,NA,NA
Dull603,32,rve468,NA,NA,NA,NA
Dull603,325,rve468,NA,NA,NA,NA
Dull606,349,rve468,NA,NA,NA,NA
Dull606,350,rve468,NA,NA,NA,NA
Dull607,22,rve468,NA,NA,NA,NA
Dull607,416,rve468,NA,NA,NA,NA
Dull607,418,rve468,NA,NA,NA,NA
Dull607,419,rve468,NA,NA,NA,NA
Dull607,423,rve468,NA,NA,NA,NA
